product;category;package_size_g;protein_in_package_g;price_per_kg_eur;protein_per_100g;price_per_100g_protein;store;date_observed;url
Chickpeas - GoGreen Luomu Kikherneet;Legumes;380;26.22;6.5;6.9;;S-kaupat;;https://www.s-kaupat.fi/tuote/gogreen-luomu-kikherneet-380g/7310130009822
Dry red lentils - GoGreen;Legumes;400;104;5;26;;S-kaupat;;https://www.s-kaupat.fi/tuote/gogreen-punaiset-linssit-380g/7310130009716
Dry Green Lentils - GoGreen;Legumes;400;104;7.9;26;;S-kaupat;;https://www.s-kaupat.fi/tuote/gogreen-vihreat-linssit-400-g/7312787710199
GoGreen Mustapavut 380g;Legumes;380;28.12;6.7;7.4;;S-kaupat;;https://www.s-kaupat.fi/tuote/gogreen-mustapavut-380g/7310130009839
Pirkka Kikherneet;Legumes;380;26.22;;;6.9;;K-ruoka;;
Pirkka Punaiset Linssit;Legumes;400;96;;;24;;K-ruoka;;
Pirkka Vihreät Linssit;Legumes;400;100;;;25;;K-ruoka;;
Elovena kauraisa proteiinigranola;Cereals & granola;300;60;19.7;20;;S-kaupat;;https://www.s-kaupat.fi/tuote/elovena-300g-kauraisa-proteiinigranola/6411200006152
Fazer Alku Paahdettu Mysli Metsämarja;Cereals & granola;375;45;13.31;12;;S-kaupat;;https://www.s-kaupat.fi/tuote/fazer-alku-metsamarja-paahdettu-mysli-375-g/6419811117205
K-Menu Crunchy Mysli;Cereals & granola;750;67.5;3.45;9;;K-ruoka;;
Nalle Pikakaurahiutale;Cereals & granola;500;70;3.16;14;;S-kaupat;;
SoFine tofu maustamaton luomu;Soy products;250;32.5;6.72;13;;S-kaupat;;https://www.s-kaupat.fi/tuote/sofine-tofu-maustamaton-luomu-250g/8718885890006
Coop Eko tofu luomu;Soy products;200;30;4.85;15;;S-kaupat;;https://www.s-kaupat.fi/tuote/coop-eko-tofu-luomu-200-g/7340191186446
Rainbow tofu luomu;Soy products;200;24;4.85;12;;S-kaupat;;
Jalotofu kylmäsavu;Soy products;300;48;10;16;;S-kaupat;;https://www.s-kaupat.fi/tuote/jalotofu-kylmasavu-300g-luomu/6416419131244
Tofumoon Tempe;Soy products;250;47.5;11.9;19;;S-kaupat;;
VegeSun Tumma soijarouhe;Soy products;500;265;6.16;53;;S-kaupat;;
VegeSun Vaalea soijarouhe;Soy products;500;265;7.18;53;;S-kaupat;;
Yipin Tempeh Teriyaki;Soy products;200;38;;;;;S-kaupat;;https://www.s-kaupat.fi/tuote/yipin-tempeh-teriyaki-200g/7332040323218
Gold&Green Delikaura Grillattu tomaatti;Meat substitutes;230;55.2;14.1;24;;S-kaupat;;https://www.s-kaupat.fi/tuote/goldandgreenr-delikaurar-230-g-grillattu-tomaatti/6408430347605
Gold&Green Härkis kaurajauhis;Meat substitutes;225;38.25;16.5;17;;S-kaupat;;https://www.s-kaupat.fi/tuote/goldandgreenr-harkisr-kaurajauhis-225-g/6408430360529
MUU Kasvipohjainen Roast Biif;Meat substitutes;100;28;32.8;28;;S-kaupat;;https://www.s-kaupat.fi/tuote/muu-kasvipohjainen-roast-biif-100-g/6430078144841
Makuliha Makukeittiön Kasvislauantai;Meat substitutes;120;12;19;9;;S-kaupat;;https://www.s-kaupat.fi/tuote/makutila-kasvislauantai-120-g/6405053008418
MUU Vebablastu;Meat substitutes;200;50;13.4;25;;S-kaupat;;https://www.s-kaupat.fi/tuote/muu-vebablastu-200-g/6430078140874
MUU Mehevä Burgerpihvi;Meat substitutes;200;24;17.95;12;;S-kaupat;;https://www.s-kaupat.fi/tuote/muu-meheva-burgerpihvi-200-g/6430078149709
MUU Grilletti;Meat substitutes;270;54;;;20;;S-kaupat;;https://www.s-kaupat.fi/tuote/muu-grilletti-270-g/6430078148290
MUU Jauhis kasvispohjainen;Meat substitutes;280;42;13.18;15;;S-kaupat;;https://www.s-kaupat.fi/tuote/muu-jauhis-280-g/6430078140300
Vöner Original Lastu;Meat substitutes;200;62;19.85;31;;S-kaupat;;https://www.s-kaupat.fi/tuote/voner-original-lastu-200g/6430069070548
Hälsans Kök Vegesuikaleet;Meat substitutes;420;94.5;15.38;22.5;;S-kaupat;;https://www.s-kaupat.fi/tuote/halsans-kok-420g-vegesuikaleet/8445291885356
Pirkka Vege soijarouhe sitruuna & pippuri;Meat substitutes;110;13.2;18;12;;S-kaupat;;
Pirkka Kasvisjauhis;Meat substitutes;300;54;;;18;;K-ruoka;;
Lidl Vemondo Kasvisjauhis;Meat substitutes;300;51;;;17;;Lidl;;
Lidl Vemondo Soijaschnitzel;Meat substitutes;200;50;;;25;;Lidl;;
Peanut Butter - Pirkka;Nuts & seeds;340;90;8.1;26.5;;S-kaupat;;
Xtra Kuoritut Saksanpähkinät;Nuts & seeds;300;36;14.5;12;;S-kaupat;;
Coop Maapähkinä Suolaamaton;Nuts & seeds;250;62.5;3.92;25;;S-kaupat;;
Xtra Cashewpähkinät Natural;Nuts & seeds;500;95;13;19;;S-kaupat;;
Pirkka Manteli Natural;Nuts & seeds;200;42;;;21;;K-ruoka;;
Pirkka Pellavansiemenet;Nuts & seeds;500;90;;;18;;K-ruoka;;
Pirkka Hamppusiemenet;Nuts & seeds;300;99;;;33;;K-ruoka;;
Alpro Protein milk;Dairy substitutes;1000;50;3.35;5;;S-kaupat;;
Alpro High Protein banaani-keksi soijavalmiste;Dairy substitutes;200;15;8.55;7.5;;S-kaupat;;
Alpro Protein proteiinivanukas karamelli;Dairy substitutes;200;20;9.45;10;;S-kaupat;;
Planti Kaura-soijadrinkki proteiini;Dairy substitutes;1000;43;;;4.3;;S-kaupat;;
Fazer Yosa Proteiini Mansikka;Dairy substitutes;150;15;;;10;;S-kaupat;;
K-Menu pitkäjyväinen riisi;Grains;1000;75;1.9;7.5;;K-ruoka;;
Pirkka Kvinoa;Grains;400;56;;;14;;K-ruoka;;
Oululainen Hapankorppu;Bread;200;24;9.9;12;;S-kaupat;;
Vaasan Taika Täysjyväkauraviipaleet;Bread;550;66;4.07;12;;S-kaupat;;
Pirkka Täysjyväruisleipä;Bread;500;45;;;9;;K-ruoka;;
Protein powder - MyProtein Impact Whey Vegan;Protein supplement;1000;750;;;75;;Online;;
Protein powder - Foodin Kasvisprot. Vanilja;Protein supplement;500;375;;;75;;Online;;
Pirkka proteiinipatukka suklaa;Protein supplement;45;15;;;33;;K-ruoka;;
Lidl Vemondo Proteiinipatukka;Protein supplement;45;14;;;31;;Lidl;;
